phase-0/01-clean-dead-code.md	286
phase-0/02-paypal-php-modernization.md	287
phase-0/03-composer-and-autoload.md	288
phase-0/04-test-and-ci-setup.md	289
phase-0/05-phase-0-verification.md	290
phase-1/01-config-and-exceptions.md	291
phase-1/02-http-layer.md	292
phase-1/03-auth-and-tokens.md	293
phase-1/04-base-classes-and-facade.md	294
phase-1/05-support-utilities.md	295
phase-1/06-phase-1-integration-test.md	296
phase-2/01-orders.md	297
phase-2/02-payments.md	298
phase-2/03-webhooks.md	299
phase-2/04-webhook-verifier.md	300
phase-2/05-subscriptions.md	301
phase-2/06-plans.md	302
phase-2/07-catalog-products.md	303
phase-2/08-invoicing.md	304
phase-2/09-payouts.md	305
phase-2/10-disputes.md	306
phase-2/11-vault.md	307
phase-2/12-partner-referrals.md	308
phase-2/13-identity.md	309
phase-2/14-reports.md	310
phase-3/01-legacy-foundation.md	311
phase-3/02-ec-token-bridge.md	312
phase-3/03-express-checkout-mappers.md	313
phase-3/04-auth-capture-mappers.md	314
phase-3/05-refund-search-mappers.md	315
phase-3/06-direct-mass-mappers.md	316
phase-3/07-recurring-mappers.md	317
phase-3/08-billing-agreement-mappers.md	318
phase-3/09-invoicing-mappers.md	319
phase-3/10-other-mappers.md	320
phase-3/11-paypal-php-dispatch-hook.md	321
phase-3/12-upgrade-check-cli.md	322
phase-3/13-legacy-exceptions.md	323
phase-4/01-templates-rest-wipe-rebuild.md	324
phase-4/02-samples-rest-wipe-rebuild.md	325
phase-4/03-demo-rest-checkout-standard.md	326
phase-4/04-demo-rest-checkout-redirect.md	327
phase-4/05-support-button-helper.md	328
phase-4/06-config-sample-update.md	329
phase-5/01-upgrade-from-classic-doc.md	330
phase-5/02-rest-resource-docs.md	331
phase-5/03-js-sdk-and-webhooks-docs.md	332
phase-5/04-readme-changelog-migration.md	333
phase-6/01-manual-demo-verifications.md	334
phase-6/02-rc-tag-and-bake.md	335
phase-7/01-ga-cutover.md	336
phase-7/02-oob-followups.md	337
